route,source,title,status,word_count,last_reviewed,canonical,inbound_links,outbound_broken_links,flagged_short
/articles/affine-nature-golf-swing.html,articles/affine-nature-golf-swing.qmd,Theory Series: Consolidated Edition,published,15535,2025-11-28,/articles/affine-nature-golf-swing.html,8,,False
/articles/appendix-applications.html,articles/appendix-applications.qmd,Applications of the Control-Affine Framework in Golf Swing Biomechanics,published,978,2025-11-28,/articles/appendix-applications.html,3,,False
/articles/calculation-framework-comparison/multibody-drift-control-v3.html,articles/calculation-framework-comparison/multibody-drift-control-v3.qmd,"Multibody Dynamics: Drift, Control, and the Geometry of Physical Law",published,5279,2026-03-06,/articles/calculation-framework-comparison/multibody-drift-control-v3.html,2,,False
/articles/degrees-of-freedom-and-dimensionality.html,articles/degrees-of-freedom-and-dimensionality.qmd,Degrees of Freedom and the Curse of Dimensionality,published,1360,Date unverified,/articles/degrees-of-freedom-and-dimensionality.html,17,,False
/articles/drift-components-wrench-double-pendulum.html,articles/drift-components-wrench-double-pendulum.qmd,Natural vs Active Forces and Torques in Affine Mechanical Systems,published,2685,2025-11-28,/articles/drift-components-wrench-double-pendulum.html,6,,False
/articles/drift-control-ratio.html,articles/drift-control-ratio.qmd,"Drift, Control Capacity and Golf-Swing Correction",published,6789,,/articles/drift-control-ratio.html,14,,False
/articles/drifter-manifesto.html,articles/drifter-manifesto.qmd,The Drifter Manifesto — Single-File Edition,published,15316,Date unverified,/articles/drifter-manifesto.html,2,,False
/articles/force-mobility-matrices.html,articles/force-mobility-matrices.qmd,Force and Mobility Ellipsoids in the Golf Swing,published,4403,2025-11-28,/articles/force-mobility-matrices.html,13,,False
/articles/green-simulation.html,articles/green-simulation.qmd,Simulating the Green,published,3356,2026-08-04,/articles/green-simulation.html,7,,False
/articles/ideomotor-theory-and-predictive-brain.html,articles/ideomotor-theory-and-predictive-brain.qmd,Ideomotor Theory and the Predictive Brain Model,published,1507,Date unverified,/articles/ideomotor-theory-and-predictive-brain.html,10,,False
/articles/impact-mechanics-and-ball-flight.html,articles/impact-mechanics-and-ball-flight.qmd,Impact Mechanics and Ball Flight: A Reference Treatment,published,7594,2026-08-03,/articles/impact-mechanics-and-ball-flight.html,13,,False
/articles/impact-optimality-and-model-limits.html,articles/impact-optimality-and-model-limits.qmd,When an Energy Optimum Stops the Hands,published,3763,2026-08-27,/articles/impact-optimality-and-model-limits.html,2,,False
/articles/intentional-constraint-collapse.html,articles/intentional-constraint-collapse.qmd,Intentional Constraint Collapse at Impact: How Golfers Generate High Force With Stable Club Motion,published,1568,2025-11-28,/articles/intentional-constraint-collapse.html,5,,False
/articles/inverse-dynamics-inference.html,articles/inverse-dynamics-inference.qmd,Inference From Inverse Dynamics in a Nonlinear Affine System,published,2074,2025-11-28,/articles/inverse-dynamics-inference.html,4,,False
/articles/inverse-dynamics.html,articles/inverse-dynamics.qmd,Interpretation of Inverse Dynamics: Understanding the Fundamental Limitations,published,2334,2025-11-28,/articles/inverse-dynamics.html,14,,False
/articles/lagrangian-reference.html,articles/lagrangian-reference.qmd,Lagrangian Reference for Control-Affine Multibody Dynamics,published,1587,2025-11-28,/articles/lagrangian-reference.html,12,,False
/articles/launch-monitor-vendor-reference.html,articles/launch-monitor-vendor-reference.qmd,Launch Monitor Vendor Reference,published,5942,2026-08-03,/articles/launch-monitor-vendor-reference.html,5,,False
/articles/markerless-mocap-camera-selection.html,articles/markerless-mocap-camera-selection.qmd,Markerless Mocap Camera Selection,published,4013,2026-09-27,/articles/markerless-mocap-camera-selection.html,1,,False
/articles/nonlinear-control-insights.html,articles/nonlinear-control-insights.qmd,"Nonlinear Control Theory Insights, Drift Causality, and Future Research Directions",published,4747,2025-11-28,/articles/nonlinear-control-insights.html,12,,False
/articles/null-space-constraint-jacobian-bibliography.html,articles/null-space-constraint-jacobian-bibliography.qmd,Annotated Bibliography: Null Space of the Constraint Jacobian,published,830,Date unverified,/articles/null-space-constraint-jacobian-bibliography.html,1,,False
/articles/null-space-constraint-jacobian.html,articles/null-space-constraint-jacobian.qmd,The Null Space of the Constraint Jacobian: Unconstrained Motion in Constrained Systems With Applications to Golf Swing Biomechanics,published,4885,2025-11-28,/articles/null-space-constraint-jacobian.html,10,,False
/articles/passive-distributed-control.html,articles/passive-distributed-control.qmd,Passive Distributed Control: Frans Bosch Framework,published,1848,Date unverified,/articles/passive-distributed-control.html,16,,False
/articles/proximal-distal-a-journey-through-the-swing.html,articles/proximal-distal-a-journey-through-the-swing.qmd,How a Golf Swing Carries Energy,published,74772,,/articles/proximal-distal-a-journey-through-the-swing.html,13,,False
/articles/proximal-distal-energy-transfer.html,articles/proximal-distal-energy-transfer.qmd,Proximal-to-Distal Energy Transfer in the Golf Swing,published,13106,,/articles/proximal-distal-energy-transfer.html,20,,False
/articles/proximal-distal-falsification-atlas.html,articles/proximal-distal-falsification-atlas.qmd,"Proximal–Distal Claim, Alternative, and Falsification Atlas",published,3265,Date unverified,/articles/proximal-distal-falsification-atlas.html,4,,False
/articles/proximal-distal-model-workbench.html,articles/proximal-distal-model-workbench.qmd,Explore the Proximal–Distal Models,published,1076,Date unverified,/articles/proximal-distal-model-workbench.html,21,,False
/articles/proximal_distal_energy_transfer/index.html,articles/proximal_distal_energy_transfer/index.qmd,Proximal-to-Distal Energy Transfer (Technical Monograph),published,36790,2026-08-08,/articles/proximal_distal_energy_transfer/index.html,22,,False
/articles/putting-roll-models.html,articles/putting-roll-models.qmd,The Physics of the Rolling Putt,published,4125,2026-08-04,/articles/putting-roll-models.html,6,,False
/articles/reference-point-problem.html,articles/reference-point-problem.qmd,The Reference-Point Problem in Club Delivery Data,published,1691,2026-08-03,/articles/reference-point-problem.html,9,,False
/articles/rotation-converter.html,articles/rotation-converter.qmd,Rotation Representation Converter,published,1291,Date unverified,/articles/rotation-converter.html,3,,False
/articles/rotation-induced-spin.html,articles/rotation-induced-spin.qmd,Rotation-Induced Spin: What Must Be Held Fixed?,published,2023,2026-08-03,/articles/rotation-induced-spin.html,9,,False
/articles/rotation-representations-reference.html,articles/rotation-representations-reference.qmd,Rotation Representations: A Cross-Reference Guide,published,2384,Date unverified,/articles/rotation-representations-reference.html,13,,False
/articles/screw-theory-reference.html,articles/screw-theory-reference.qmd,Screw Theory Reference for Control-Affine Multibody Dynamics,published,1717,2025-11-28,/articles/screw-theory-reference.html,11,,False
/articles/secondary-axis-stability.html,articles/secondary-axis-stability.qmd,Secondary-Axis Stability and Putter Design,published,1123,2025-11-28,/articles/secondary-axis-stability.html,6,,False
/articles/sources-of-nonlinearity.html,articles/sources-of-nonlinearity.qmd,Classic Sources of Nonlinearity in Mechanical Systems: A Comprehensive Review for the Control-Affine Framework,published,8538,2026-03-10,/articles/sources-of-nonlinearity.html,8,,False
/articles/strokes-gained-limitations.html,articles/strokes-gained-limitations.qmd,On the Limits of Strokes-Gained Inference for Individual Golfers,published,2355,2025-11-28,/articles/strokes-gained-limitations.html,5,,False
/articles/superposition.html,articles/superposition.qmd,"Superposition in Affine Control Systems via Newton–Euler, Lagrangian, and Screw-Theoretic Formulations",published,8315,2025-11-28,/articles/superposition.html,15,,False
/articles/tangent-hyperplane-articles/Advanced/Contraction_Tangent_LAYMAN.html,articles/tangent-hyperplane-articles/Advanced/Contraction_Tangent_LAYMAN.qmd,In Layman's Terms: Contraction Theory Meets Tangent Spaces,published,2618,,/articles/tangent-hyperplane-articles/Advanced/Contraction_Tangent_LAYMAN.html,2,,False
/articles/tangent-hyperplane-articles/Advanced/Contraction_Tangent_Unification.html,articles/tangent-hyperplane-articles/Advanced/Contraction_Tangent_Unification.qmd,"Contraction Theory Meets Tangent Spaces: Stability, Optimality, and Scope Limits",published,2225,2026-01-18,/articles/tangent-hyperplane-articles/Advanced/Contraction_Tangent_Unification.html,5,,False
/articles/tangent-hyperplane-articles/Advanced/Hybrid_Tangent_LAYMAN.html,articles/tangent-hyperplane-articles/Advanced/Hybrid_Tangent_LAYMAN.qmd,In Layman's Terms: Hybrid Tangent Spaces,published,2166,,/articles/tangent-hyperplane-articles/Advanced/Hybrid_Tangent_LAYMAN.html,3,,False
/articles/tangent-hyperplane-articles/Advanced/Hybrid_Tangent_Spaces.html,articles/tangent-hyperplane-articles/Advanced/Hybrid_Tangent_Spaces.qmd,Hybrid Tangent Spaces,published,3764,2026-01-18,/articles/tangent-hyperplane-articles/Advanced/Hybrid_Tangent_Spaces.html,6,,False
/articles/tangent-hyperplane-articles/Advanced/Residual-Aware_Control.html,articles/tangent-hyperplane-articles/Advanced/Residual-Aware_Control.qmd,Residual-Aware Control: Bounds and Decisions for Nonlinear Motion,published,6731,2026-01-18,/articles/tangent-hyperplane-articles/Advanced/Residual-Aware_Control.html,6,,False
/articles/tangent-hyperplane-articles/Advanced/Residual-Aware_Control_LAYMAN.html,articles/tangent-hyperplane-articles/Advanced/Residual-Aware_Control_LAYMAN.qmd,In Layman's Terms: Residual-Aware Control,published,1786,,/articles/tangent-hyperplane-articles/Advanced/Residual-Aware_Control_LAYMAN.html,3,,False
/articles/tangent-hyperplane-articles/LAYMANS_TERMS_SUMMARY.html,articles/tangent-hyperplane-articles/LAYMANS_TERMS_SUMMARY.qmd,In Layman's Terms: Tangent Hyperplane Framework,published,1607,,/articles/tangent-hyperplane-articles/LAYMANS_TERMS_SUMMARY.html,3,,False
/articles/tangent-hyperplane-articles/TABLE_OF_CONTENTS.html,articles/tangent-hyperplane-articles/TABLE_OF_CONTENTS.qmd,Tangent Hyperplane Framework: Reading Path,published,3451,,/articles/tangent-hyperplane-articles/TABLE_OF_CONTENTS.html,3,,False
/articles/tangent-hyperplane-articles/Tangent_Hyperplanes_Unified_Thesis.html,articles/tangent-hyperplane-articles/Tangent_Hyperplanes_Unified_Thesis.qmd,Full Reference Manuscript: Exact Instantaneous Superposition in Nonlinear Dynamics,published,12036,2026-01-01,/articles/tangent-hyperplane-articles/Tangent_Hyperplanes_Unified_Thesis.html,4,,False
/articles/tangent-hyperplanes-series/part-1-geometry.html,articles/tangent-hyperplanes-series/part-1-geometry.qmd,Tangent Hyperplanes I: Geometry,published,907,,/articles/tangent-hyperplanes-series/part-1-geometry.html,8,,False
/articles/tangent-hyperplanes-series/part-2-dynamics.html,articles/tangent-hyperplanes-series/part-2-dynamics.qmd,Tangent Hyperplanes II: Dynamics,published,866,,/articles/tangent-hyperplanes-series/part-2-dynamics.html,6,,False
/articles/tangent-hyperplanes-series/part-3-control.html,articles/tangent-hyperplanes-series/part-3-control.qmd,Tangent Hyperplanes III: Control,published,912,,/articles/tangent-hyperplanes-series/part-3-control.html,4,,False
/articles/tangent-hyperplanes-series/part-4-residuals-curvature.html,articles/tangent-hyperplanes-series/part-4-residuals-curvature.qmd,Tangent Hyperplanes IV: Residuals and Curvature,published,1142,,/articles/tangent-hyperplanes-series/part-4-residuals-curvature.html,7,,False
/articles/tangent-hyperplanes-series/part-5-contraction.html,articles/tangent-hyperplanes-series/part-5-contraction.qmd,Tangent Hyperplanes V: Contraction,published,786,,/articles/tangent-hyperplanes-series/part-5-contraction.html,4,,False
/articles/tangent-hyperplanes-series/part-6-hybrid.html,articles/tangent-hyperplanes-series/part-6-hybrid.qmd,Tangent Hyperplanes VI: Hybrid Systems,published,688,,/articles/tangent-hyperplanes-series/part-6-hybrid.html,6,,False
/articles/tangent-hyperplanes-series/part-7-residual-aware.html,articles/tangent-hyperplanes-series/part-7-residual-aware.qmd,Tangent Hyperplanes VII: Residual-Aware Control,published,1061,,/articles/tangent-hyperplanes-series/part-7-residual-aware.html,5,,False
/articles/technology-club-fitting.html,articles/technology-club-fitting.qmd,"Club Fitting Simulation: Forward Dynamics, Twist Counterfactuals, and Reproducible Reporting",published,3293,2026-09-28,/articles/technology-club-fitting.html,10,,False
/articles/technology-force-measurement.html,articles/technology-force-measurement.qmd,"Force Measurement Technology: Plates, Pressure, and the Ground Reaction Wrench",published,7288,2026-08-02,/articles/technology-force-measurement.html,9,,False
/articles/technology-heavy-hit-impact-coupling.html,articles/technology-heavy-hit-impact-coupling.qmd,The Physics of a Heavy Hit,published,5985,2026-09-07,/articles/technology-heavy-hit-impact-coupling.html,8,,False
/articles/technology-launch-monitors.html,articles/technology-launch-monitors.qmd,Launch Monitor Technology: Measurement and Inference,published,4610,2026-08-03,/articles/technology-launch-monitors.html,10,,False
/articles/technology-motion-capture.html,articles/technology-motion-capture.qmd,Motion Capture: What Golf Data Can Tell Us,published,5341,2026-08-02,/articles/technology-motion-capture.html,6,,False
/articles/The_Geometry_of_Motion/quarto/ch01_foundations.html,articles/The_Geometry_of_Motion/quarto/ch01_foundations.qmd,Foundations: Tangent Spaces and Exactness,published,7080,,/articles/The_Geometry_of_Motion/quarto/ch01_foundations.html,3,,False
/articles/The_Geometry_of_Motion/quarto/ch02_variational.html,articles/The_Geometry_of_Motion/quarto/ch02_variational.qmd,Variational Dynamics and the Moving Frame,published,6027,,/articles/The_Geometry_of_Motion/quarto/ch02_variational.html,4,,False
/articles/The_Geometry_of_Motion/quarto/ch03_superposition.html,articles/The_Geometry_of_Motion/quarto/ch03_superposition.qmd,Superposition: From Linear to Affine,published,7015,,/articles/The_Geometry_of_Motion/quarto/ch03_superposition.html,3,,False
/articles/The_Geometry_of_Motion/quarto/ch03b_induced_acceleration_biomechanics.html,articles/The_Geometry_of_Motion/quarto/ch03b_induced_acceleration_biomechanics.qmd,Induced Acceleration Analysis: Superposition in the Biomechanics Literature,published,3333,,/articles/The_Geometry_of_Motion/quarto/ch03b_induced_acceleration_biomechanics.html,3,,False
/articles/The_Geometry_of_Motion/quarto/ch04_contraction.html,articles/The_Geometry_of_Motion/quarto/ch04_contraction.qmd,Contraction Theory and Metric Certificates,published,5550,,/articles/The_Geometry_of_Motion/quarto/ch04_contraction.html,4,,False
/articles/The_Geometry_of_Motion/quarto/ch05_optimal_control.html,articles/The_Geometry_of_Motion/quarto/ch05_optimal_control.qmd,"Local Optimal Control: LQR, DDP, and Riccati",published,2859,,/articles/The_Geometry_of_Motion/quarto/ch05_optimal_control.html,6,,False
/articles/The_Geometry_of_Motion/quarto/ch06_duality.html,articles/The_Geometry_of_Motion/quarto/ch06_duality.qmd,Stability–Optimality Duality,published,4159,,/articles/The_Geometry_of_Motion/quarto/ch06_duality.html,3,,False
/articles/The_Geometry_of_Motion/quarto/ch07_counterfactuals.html,articles/The_Geometry_of_Motion/quarto/ch07_counterfactuals.qmd,"Forward Dynamics, Counterfactuals, and Drift",published,6689,,/articles/The_Geometry_of_Motion/quarto/ch07_counterfactuals.html,3,,False
/articles/The_Geometry_of_Motion/quarto/ch08_applications.html,articles/The_Geometry_of_Motion/quarto/ch08_applications.qmd,"Applications: Biomechanics, Robotics, and Beyond",published,5626,,/articles/The_Geometry_of_Motion/quarto/ch08_applications.html,3,,False
/articles/The_Geometry_of_Motion/quarto/ch09_parallel_mechanisms_constrained_dynamics.html,articles/The_Geometry_of_Motion/quarto/ch09_parallel_mechanisms_constrained_dynamics.qmd,"Parallel Mechanisms, Constrained Dynamics, and Geometric Control",published,4104,,/articles/The_Geometry_of_Motion/quarto/ch09_parallel_mechanisms_constrained_dynamics.html,4,,False
/articles/The_Geometry_of_Motion/quarto/index.html,articles/The_Geometry_of_Motion/quarto/index.qmd,The Geometry of Motion,published,444,,/articles/The_Geometry_of_Motion/quarto/index.html,12,,False
/articles/The_Geometry_of_Motion/quarto/vol0_ch01_linear_algebra.html,articles/The_Geometry_of_Motion/quarto/vol0_ch01_linear_algebra.qmd,Chapter 1: A Primer on Linear Algebra,published,3126,,/articles/The_Geometry_of_Motion/quarto/vol0_ch01_linear_algebra.html,3,,False
/articles/The_Geometry_of_Motion/quarto/vol0_ch02_state_space.html,articles/The_Geometry_of_Motion/quarto/vol0_ch02_state_space.qmd,The Transition to State Space,published,5040,,/articles/The_Geometry_of_Motion/quarto/vol0_ch02_state_space.html,3,,False
/articles/The_Geometry_of_Motion/quarto/vol0_ch03_configuration.html,articles/The_Geometry_of_Motion/quarto/vol0_ch03_configuration.qmd,Configuration Space and Degrees of Freedom,published,3430,,/articles/The_Geometry_of_Motion/quarto/vol0_ch03_configuration.html,3,,False
/articles/The_Geometry_of_Motion/quarto/vol0_ch04_rotations_se3.html,articles/The_Geometry_of_Motion/quarto/vol0_ch04_rotations_se3.qmd,"Rotations, Quaternions, and SO(3)",published,4229,,/articles/The_Geometry_of_Motion/quarto/vol0_ch04_rotations_se3.html,6,,False
/articles/The_Geometry_of_Motion/quarto/vol0_ch05_screw_axes.html,articles/The_Geometry_of_Motion/quarto/vol0_ch05_screw_axes.qmd,"Twists, Wrenches, and the Screw Axis",published,6525,,/articles/The_Geometry_of_Motion/quarto/vol0_ch05_screw_axes.html,3,,False
/articles/The_Geometry_of_Motion/quarto/vol0_ch06_exponential_coordinates.html,articles/The_Geometry_of_Motion/quarto/vol0_ch06_exponential_coordinates.qmd,Exponential Coordinates and Matrix Logarithms,published,3605,,/articles/The_Geometry_of_Motion/quarto/vol0_ch06_exponential_coordinates.html,3,,False
/articles/The_Geometry_of_Motion/quarto/vol0_ch07_recursive_algorithms.html,articles/The_Geometry_of_Motion/quarto/vol0_ch07_recursive_algorithms.qmd,Recursive Algorithms,published,6314,,/articles/The_Geometry_of_Motion/quarto/vol0_ch07_recursive_algorithms.html,6,,False
/articles/The_Geometry_of_Motion/quarto/vol0_ch08_spatial_algebra.html,articles/The_Geometry_of_Motion/quarto/vol0_ch08_spatial_algebra.qmd,Spatial Vector Algebra and Inertia,published,6128,,/articles/The_Geometry_of_Motion/quarto/vol0_ch08_spatial_algebra.html,4,,False
/articles/The_Geometry_of_Motion/quarto/vol0_ch09_product_of_exponentials.html,articles/The_Geometry_of_Motion/quarto/vol0_ch09_product_of_exponentials.qmd,The Product of Exponentials Formula,published,5433,,/articles/The_Geometry_of_Motion/quarto/vol0_ch09_product_of_exponentials.html,4,,False
/articles/The_Geometry_of_Motion/quarto/vol0_ch10_articulated_body_algorithm.html,articles/The_Geometry_of_Motion/quarto/vol0_ch10_articulated_body_algorithm.qmd,The Articulated Body Algorithm,published,4892,,/articles/The_Geometry_of_Motion/quarto/vol0_ch10_articulated_body_algorithm.html,6,,False
/articles/The_Geometry_of_Motion/quarto/vol0_ch11_lagrangian_mechanics.html,articles/The_Geometry_of_Motion/quarto/vol0_ch11_lagrangian_mechanics.qmd,Lagrangian Mechanics,published,5516,,/articles/The_Geometry_of_Motion/quarto/vol0_ch11_lagrangian_mechanics.html,3,,False
/articles/The_Geometry_of_Motion/quarto/vol0_ch12_machine_learning.html,articles/The_Geometry_of_Motion/quarto/vol0_ch12_machine_learning.qmd,Machine Learning and Neural Networks,published,5608,,/articles/The_Geometry_of_Motion/quarto/vol0_ch12_machine_learning.html,3,,False
/articles/The_Geometry_of_Motion/quarto/volume0.html,articles/The_Geometry_of_Motion/quarto/volume0.qmd,Volume 0: The Mathematical Primer,published,114,,/articles/The_Geometry_of_Motion/quarto/volume0.html,2,,True
/articles/The_Geometry_of_Motion/quarto/volume1.html,articles/The_Geometry_of_Motion/quarto/volume1.qmd,Volume I: Foundations of Exact Linearization and Contraction,published,71,,/articles/The_Geometry_of_Motion/quarto/volume1.html,3,,True
/articles/The_Geometry_of_Motion/quarto/volume2.html,articles/The_Geometry_of_Motion/quarto/volume2.qmd,Volume II: Transverse Control and the Architecture of Trajectories,published,26941,,/articles/The_Geometry_of_Motion/quarto/volume2.html,4,,False
/articles/The_Physics_of_Golf/quarto/ch01_why_physics.html,articles/The_Physics_of_Golf/quarto/ch01_why_physics.qmd,Why Physics Matters in Golf {#sec-why_physics},published,3900,,/articles/The_Physics_of_Golf/quarto/ch01_why_physics.html,3,,False
/articles/The_Physics_of_Golf/quarto/ch02_language_of_motion.html,articles/The_Physics_of_Golf/quarto/ch02_language_of_motion.qmd,The Language of Motion {#sec-02_language_of_motion},published,3579,,/articles/The_Physics_of_Golf/quarto/ch02_language_of_motion.html,3,,False
/articles/The_Physics_of_Golf/quarto/ch03_double_pendulum.html,articles/The_Physics_of_Golf/quarto/ch03_double_pendulum.qmd,The Double Pendulum: Golf's Simplest Useful Model {#sec-03_double_pendulum},published,4786,,/articles/The_Physics_of_Golf/quarto/ch03_double_pendulum.html,7,,False
/articles/The_Physics_of_Golf/quarto/ch04_forces_and_torques.html,articles/The_Physics_of_Golf/quarto/ch04_forces_and_torques.qmd,Forces and Torques: Where They Come From {#sec-04_forces_and_torques},published,4428,,/articles/The_Physics_of_Golf/quarto/ch04_forces_and_torques.html,6,,False
/articles/The_Physics_of_Golf/quarto/ch05_affine_structure.html,articles/The_Physics_of_Golf/quarto/ch05_affine_structure.qmd,The Affine Structure: Drift and Control {#sec-05_affine_structure},published,4667,,/articles/The_Physics_of_Golf/quarto/ch05_affine_structure.html,6,,False
/articles/The_Physics_of_Golf/quarto/ch06_zero_torque_counterfactual.html,articles/The_Physics_of_Golf/quarto/ch06_zero_torque_counterfactual.qmd,The Zero-Torque Counterfactual {#sec-zero_torque_counterfactual},published,3448,,/articles/The_Physics_of_Golf/quarto/ch06_zero_torque_counterfactual.html,7,,False
/articles/The_Physics_of_Golf/quarto/ch07_constraint_forces.html,articles/The_Physics_of_Golf/quarto/ch07_constraint_forces.qmd,"Constraint Forces: Coupling, Work and Control {#sec-constraint_forces}",published,6015,,/articles/The_Physics_of_Golf/quarto/ch07_constraint_forces.html,9,,False
/articles/The_Physics_of_Golf/quarto/ch08_triple_pendulum.html,articles/The_Physics_of_Golf/quarto/ch08_triple_pendulum.qmd,"The Triple Pendulum: Coupling, Release and Control {#sec-triple_pendulum}",published,4392,,/articles/The_Physics_of_Golf/quarto/ch08_triple_pendulum.html,5,,False
/articles/The_Physics_of_Golf/quarto/ch09_parallel_mechanisms.html,articles/The_Physics_of_Golf/quarto/ch09_parallel_mechanisms.qmd,Parallel Mechanisms and Loop Constraints {#sec-parallel_mechanisms},published,5484,,/articles/The_Physics_of_Golf/quarto/ch09_parallel_mechanisms.html,5,,False
/articles/The_Physics_of_Golf/quarto/ch09b_passive_stabilization.html,articles/The_Physics_of_Golf/quarto/ch09b_passive_stabilization.qmd,Passive Stabilization in Parallel Loops {#sec-09b_passive_stabilization},published,2208,,/articles/The_Physics_of_Golf/quarto/ch09b_passive_stabilization.html,2,,False
/articles/The_Physics_of_Golf/quarto/ch10_energy_transfer.html,articles/The_Physics_of_Golf/quarto/ch10_energy_transfer.qmd,Energy Transfer: How Power Flows Through the Kinetic Chain {#sec-energy_transfer},published,5108,,/articles/The_Physics_of_Golf/quarto/ch10_energy_transfer.html,5,,False
/articles/The_Physics_of_Golf/quarto/ch11_flexible_shaft.html,articles/The_Physics_of_Golf/quarto/ch11_flexible_shaft.qmd,The Flexible Shaft: Elastic Energy and the Catapult Effect {#sec-flexible_shaft},published,4590,,/articles/The_Physics_of_Golf/quarto/ch11_flexible_shaft.html,5,,False
/articles/The_Physics_of_Golf/quarto/ch12_fascia.html,articles/The_Physics_of_Golf/quarto/ch12_fascia.qmd,Fascia and Connective Tissue: Material Mechanics and Evidence {#sec-fascia},published,5327,,/articles/The_Physics_of_Golf/quarto/ch12_fascia.html,3,,False
/articles/The_Physics_of_Golf/quarto/ch13_interdisciplinary.html,articles/The_Physics_of_Golf/quarto/ch13_interdisciplinary.qmd,Where Disciplines Collide: An Interdisciplinary Perspective {#sec-interdisciplinary},published,6690,,/articles/The_Physics_of_Golf/quarto/ch13_interdisciplinary.html,4,,False
/articles/The_Physics_of_Golf/quarto/ch14_complete_swing.html,articles/The_Physics_of_Golf/quarto/ch14_complete_swing.qmd,The Complete Golf Swing: Putting It All Together {#sec-complete_swing},published,6701,,/articles/The_Physics_of_Golf/quarto/ch14_complete_swing.html,5,,False
/articles/The_Physics_of_Golf/quarto/ch15_ground_reaction_forces.html,articles/The_Physics_of_Golf/quarto/ch15_ground_reaction_forces.qmd,Ground-Reaction Forces and Constrained Dynamics {#sec-grf},published,1152,,/articles/The_Physics_of_Golf/quarto/ch15_ground_reaction_forces.html,3,,False
/articles/The_Physics_of_Golf/quarto/ch16_muscle_to_joint_torques.html,articles/The_Physics_of_Golf/quarto/ch16_muscle_to_joint_torques.qmd,From Muscle Forces to Joint Torques {#sec-muscle-to-torque},published,6131,,/articles/The_Physics_of_Golf/quarto/ch16_muscle_to_joint_torques.html,4,,False
/articles/The_Physics_of_Golf/quarto/ch17_muscle_force_generation.html,articles/The_Physics_of_Golf/quarto/ch17_muscle_force_generation.qmd,Muscle Force Generation: The Biological Engine {#sec-muscle-force-generation},published,5070,,/articles/The_Physics_of_Golf/quarto/ch17_muscle_force_generation.html,7,,False
/articles/The_Physics_of_Golf/quarto/ch18_inverse_dynamics_parallel.html,articles/The_Physics_of_Golf/quarto/ch18_inverse_dynamics_parallel.qmd,Inverse Dynamics and the Parallel Loop Problem {#sec-inverse_dynamics_parallel},published,5728,,/articles/The_Physics_of_Golf/quarto/ch18_inverse_dynamics_parallel.html,8,,False
/articles/The_Physics_of_Golf/quarto/ch19_aerodynamic_drag.html,articles/The_Physics_of_Golf/quarto/ch19_aerodynamic_drag.qmd,Aerodynamic Loads in Swing and Flight {#sec-aerodynamic-drag},published,3842,,/articles/The_Physics_of_Golf/quarto/ch19_aerodynamic_drag.html,4,,False
/articles/The_Physics_of_Golf/quarto/ch20_soft_tissue_pliable.html,articles/The_Physics_of_Golf/quarto/ch20_soft_tissue_pliable.qmd,Soft Tissue and Pliable Systems: Beyond the Rigid Body {#sec-soft_tissue_pliable},published,6035,,/articles/The_Physics_of_Golf/quarto/ch20_soft_tissue_pliable.html,3,,False
/articles/The_Physics_of_Golf/quarto/ch21_spine_modeling.html,articles/The_Physics_of_Golf/quarto/ch21_spine_modeling.qmd,"Modeling the Spine: Motion, Load, and Evidence {#sec-spine_modeling}",published,6309,,/articles/The_Physics_of_Golf/quarto/ch21_spine_modeling.html,3,,False
/articles/The_Physics_of_Golf/quarto/ch22_anatomy_joint_modeling.html,articles/The_Physics_of_Golf/quarto/ch22_anatomy_joint_modeling.qmd,Anatomy and Joint Modeling: Choosing the Right Idealization {#sec-anatomy_joint_modeling},published,6961,,/articles/The_Physics_of_Golf/quarto/ch22_anatomy_joint_modeling.html,2,,False
/articles/The_Physics_of_Golf/quarto/ch23_dof_urdf_models.html,articles/The_Physics_of_Golf/quarto/ch23_dof_urdf_models.qmd,Degrees of Freedom and Robot Models of the Human Body {#sec-23_dof_urdf_models},published,5350,,/articles/The_Physics_of_Golf/quarto/ch23_dof_urdf_models.html,6,,False
/articles/The_Physics_of_Golf/quarto/ch24_motor_control_brain.html,articles/The_Physics_of_Golf/quarto/ch24_motor_control_brain.qmd,Motor Control I: The Brain as Controller,published,5387,,/articles/The_Physics_of_Golf/quarto/ch24_motor_control_brain.html,7,,False
/articles/The_Physics_of_Golf/quarto/ch25_motor_learning.html,articles/The_Physics_of_Golf/quarto/ch25_motor_learning.qmd,Motor Control II: Learning the Swing {#sec-motor_learning},published,5372,,/articles/The_Physics_of_Golf/quarto/ch25_motor_learning.html,5,,False
/articles/The_Physics_of_Golf/quarto/ch26_remarkable_brain.html,articles/The_Physics_of_Golf/quarto/ch26_remarkable_brain.qmd,Motor Control III: The Computational Brain {#sec-26_remarkable_brain},published,6543,,/articles/The_Physics_of_Golf/quarto/ch26_remarkable_brain.html,7,,False
/articles/The_Physics_of_Golf/quarto/ch27_passive_distributed_control.html,articles/The_Physics_of_Golf/quarto/ch27_passive_distributed_control.qmd,"Passive and Distributed Control: Mechanics, Feedback and Stability {#sec-passive_distributed_control}",published,4341,,/articles/The_Physics_of_Golf/quarto/ch27_passive_distributed_control.html,11,,False
/articles/The_Physics_of_Golf/quarto/ch28_impact_collision.html,articles/The_Physics_of_Golf/quarto/ch28_impact_collision.qmd,Impact: The Collision That Matters {#sec-impact_collision},published,1803,,/articles/The_Physics_of_Golf/quarto/ch28_impact_collision.html,9,,False
/articles/The_Physics_of_Golf/quarto/ch29_joint_damping_friction.html,articles/The_Physics_of_Golf/quarto/ch29_joint_damping_friction.qmd,"Damping, Friction, and Energy Dissipation in the Kinematic Chain {#sec-joint_damping_friction}",published,5042,,/articles/The_Physics_of_Golf/quarto/ch29_joint_damping_friction.html,3,,False
/articles/The_Physics_of_Golf/quarto/ch30_kinetic_chain.html,articles/The_Physics_of_Golf/quarto/ch30_kinetic_chain.qmd,"The Kinetic Chain: Motion, Work, and Control in the Golf Swing {#sec-kinetic_chain}",published,5916,,/articles/The_Physics_of_Golf/quarto/ch30_kinetic_chain.html,3,,False
/articles/The_Physics_of_Golf/quarto/ch30b_induced_acceleration.html,articles/The_Physics_of_Golf/quarto/ch30b_induced_acceleration.qmd,Induced Acceleration Analysis {#sec-30b_induced_acceleration},published,3928,,/articles/The_Physics_of_Golf/quarto/ch30b_induced_acceleration.html,7,,False
/articles/The_Physics_of_Golf/quarto/ch31_swing_plane_launch.html,articles/The_Physics_of_Golf/quarto/ch31_swing_plane_launch.qmd,"Swing Plane, Clubface Control and Launch Optimization {#sec-31_swing_plane_launch}",published,6796,,/articles/The_Physics_of_Golf/quarto/ch31_swing_plane_launch.html,4,,False
/articles/The_Physics_of_Golf/quarto/ch32_putting.html,articles/The_Physics_of_Golf/quarto/ch32_putting.qmd,The Physics of Putting {#sec-putting},published,943,,/articles/The_Physics_of_Golf/quarto/ch32_putting.html,2,,False
/articles/The_Physics_of_Golf/quarto/glossary.html,articles/The_Physics_of_Golf/quarto/glossary.qmd,Glossary,published,12329,,/articles/The_Physics_of_Golf/quarto/glossary.html,4,,False
/articles/The_Physics_of_Golf/quarto/index.html,articles/The_Physics_of_Golf/quarto/index.qmd,The Physics of Golf,published,1251,,/articles/The_Physics_of_Golf/quarto/index.html,9,,False
/articles/theory-part1.html,articles/theory-part1.qmd,"Theory Series, Part 1: Control-Affine Foundations",published,6274,Date unverified,/articles/theory-part1.html,17,,False
/articles/theory-part2.html,articles/theory-part2.qmd,"Theory Series, Part 2: Counterfactual Diagnostics",published,3084,Date unverified,/articles/theory-part2.html,12,,False
/articles/theory-part3.html,articles/theory-part3.qmd,"Theory Series, Part 3: Drift Invariance and Force Taxonomy",published,2923,Date unverified,/articles/theory-part3.html,12,,False
/articles/theory-part4.html,articles/theory-part4.qmd,"Theory Series, Part 4: Worked Pendulum Dynamics",published,3151,Date unverified,/articles/theory-part4.html,12,,False
/articles/theory-part5.html,articles/theory-part5.qmd,"Theory Series, Part 5: Numerical Consistency",published,881,Date unverified,/articles/theory-part5.html,13,,False
/articles/upstreamdrift-educational-integration.html,articles/upstreamdrift-educational-integration.qmd,UpstreamDrift: Educational Tool Integration Guide,published,1059,Date unverified,/articles/upstreamdrift-educational-integration.html,12,,False
/articles/wrist-universal-joint.html,articles/wrist-universal-joint.qmd,"Constraint Torques at the Wrist: Grip Geometry, Energy Transfer and Face Control",published,5116,2025-11-28,/articles/wrist-universal-joint.html,8,,False
/articles/zero-torque-counterfactual.html,articles/zero-torque-counterfactual.qmd,Zero-Torque Counterfactual (ZTCF) Family,published,4065,Date unverified,/articles/zero-torque-counterfactual.html,18,,False
/books/biomechanics-biology-to-systems.html,books/biomechanics-biology-to-systems.qmd,Volume III: Biomechanics - Biology to Systems,published,948,,/books/biomechanics-biology-to-systems.html,7,,False
/books/control-is-motion.html,books/control-is-motion.qmd,Volume II: Control Is Motion,published,941,,/books/control-is-motion.html,5,,False
/books/human-motor-control.html,books/human-motor-control.qmd,Volume IV: Human Motor Control,published,770,,/books/human-motor-control.html,8,,False
/books/index.html,books/index.qmd,Books and Textbooks,published,477,,/books/index.html,4,,False
/books/roadmap.html,books/roadmap.qmd,Books Roadmap & Reading Paths,published,635,,/books/roadmap.html,3,,False
/books/tangent-space-methods.html,books/tangent-space-methods.qmd,Volume I: Tangent-Space Methods for Nonlinear Control,published,660,,/books/tangent-space-methods.html,4,,False
/evidence/claims.html,evidence/claims.qmd,Claim Ledger,published,540,,/evidence/claims.html,1,,False
/models/active-impedance-identification.html,models/active-impedance-identification.qmd,Active Impedance and Co-Contraction Identification,published,1720,,/models/active-impedance-identification.html,2,,False
/models/bilateral-hand-wrench-validation.html,models/bilateral-hand-wrench-validation.qmd,Bilateral Hand-Wrench Identifiability and Instrumented-Grip Validation,published,1387,,/models/bilateral-hand-wrench-validation.html,2,,False
/models/dataset-explorer.html,models/dataset-explorer.qmd,Fixture and Dataset Explorer,published,318,,/models/dataset-explorer.html,0,,False
/models/equipment-individual-response.html,models/equipment-individual-response.qmd,Equipment and Shaft Individual-Response Validation,published,1815,,/models/equipment-individual-response.html,3,,False
/models/hybrid-impact-contact.html,models/hybrid-impact-contact.qmd,Hybrid Impact-Contact and Event-Time Uncertainty,published,1733,,/models/hybrid-impact-contact.html,3,,False
/models/model-ladder.html,models/model-ladder.qmd,Planar-to-Spatial Model Ladder,published,850,,/models/model-ladder.html,6,,False
/models/models-drake.html,models/models-drake.qmd,Drake Models,published,424,,/models/models-drake.html,11,,False
/models/models-mujoco.html,models/models-mujoco.qmd,MuJoCo Models,published,358,,/models/models-mujoco.html,12,,False
/models/models-myosim.html,models/models-myosim.qmd,MyoSim Models,published,337,,/models/models-myosim.html,9,,False
/models/models-opensim.html,models/models-opensim.qmd,OpenSim Models,published,376,,/models/models-opensim.html,10,,False
/models/models-pendulum.html,models/models-pendulum.qmd,Pendulum Models,published,337,,/models/models-pendulum.html,11,,False
/models/models-pinocchio.html,models/models-pinocchio.qmd,Pinocchio Models,published,495,,/models/models-pinocchio.html,10,,False
/models/models-simulink.html,models/models-simulink.qmd,Matlab Simulink Models,published,388,,/models/models-simulink.html,10,,False
/models/models.html,models/models.qmd,Programming Companion,published,665,,/models/models.html,21,,False
/models/neural-timing-feedback.html,models/neural-timing-feedback.qmd,Neural Timing and Feedback Perturbation Experiments,published,1432,,/models/neural-timing-feedback.html,2,,False
/models/population-generalization.html,models/population-generalization.qmd,Population Validation Protocol,published,1302,,/models/population-generalization.html,3,,False
/models/programming/engines.html,models/programming/engines.qmd,Engines and Runtime Support,published,179,,/models/programming/engines.html,11,,True
/models/programming/features.html,models/programming/features.qmd,Feature Parity Matrix,published,899,,/models/programming/features.html,1,,False
/models/programming/freshness.html,models/programming/freshness.qmd,Software Freshness Dashboard,published,506,,/models/programming/freshness.html,6,,False
/models/programming/index.html,models/programming/index.qmd,Programming Companion Catalog,published,230,,/models/programming/index.html,6,,True
/models/programming/programs.html,models/programming/programs.qmd,Programs and Models Directory,published,799,,/models/programming/programs.html,3,,False
/models/programming/provenance.html,models/programming/provenance.qmd,Companion Provenance and Cryptographic Digests,published,171,,/models/programming/provenance.html,3,,True
/models/programming/workflows.html,models/programming/workflows.qmd,Governed Workflows and Verification Tasks,published,383,,/models/programming/workflows.html,4,,False
/models/research-protocol-readiness.html,models/research-protocol-readiness.qmd,Research Protocol and Data-Readiness Library,published,1208,,/models/research-protocol-readiness.html,6,,False
/pages/about.html,pages/about.qmd,About,published,260,,/pages/about.html,6,,True
/pages/accessibility.html,pages/accessibility.qmd,Accessibility Statement,published,253,,/pages/accessibility.html,1,,True
/pages/book-reviews.html,pages/book-reviews.qmd,Book Reviews,published,188,,/pages/book-reviews.html,3,,True
/pages/collaborate.html,pages/collaborate.qmd,Collaborate,published,370,,/pages/collaborate.html,11,,False
/pages/contact.html,pages/contact.qmd,Contact,published,194,,/pages/contact.html,6,,True
/pages/content-inventory.html,pages/content-inventory.qmd,Content Inventory and Ownership Map,published,2237,,/pages/content-inventory.html,1,,False
/pages/contributor-guide.html,pages/contributor-guide.qmd,Contributor and Reviewer Guide,published,282,,/pages/contributor-guide.html,1,,True
/pages/daydreams-doodles.html,pages/daydreams-doodles.qmd,Daydreams & Doodles,published,224,,/pages/daydreams-doodles.html,3,,True
/pages/development-roadmap.html,pages/development-roadmap.qmd,Development Roadmap,published,516,,/pages/development-roadmap.html,13,,False
/pages/drifter-manifesto.html,pages/drifter-manifesto.qmd,The Drifter Manifesto — Series Index,published,1041,,/pages/drifter-manifesto.html,8,,False
/pages/glossary.html,pages/glossary.qmd,Governance Vocabulary Glossary,published,309,,/pages/glossary.html,4,,False
/pages/how-to-read.html,pages/how-to-read.qmd,How to Read This Site,published,1041,,/pages/how-to-read.html,7,,False
/pages/notation-quick-reference.html,pages/notation-quick-reference.qmd,Notation Quick-Reference Card,published,213,,/pages/notation-quick-reference.html,2,,True
/pages/notation.html,pages/notation.qmd,Mathematical Notation and Terminology,published,2683,,/pages/notation.html,13,,False
/pages/overview.html,pages/overview.qmd,Overview,published,981,,/pages/overview.html,8,,False
/pages/parameters.html,pages/parameters.qmd,Canonical Parameters Reference,published,278,,/pages/parameters.html,2,,True
/pages/privacy-policy.html,pages/privacy-policy.qmd,Privacy Policy,published,542,,/pages/privacy-policy.html,0,,False
/pages/tangent-hyperplanes.html,pages/tangent-hyperplanes.qmd,Tangent-Space Series,published,636,,/pages/tangent-hyperplanes.html,20,,False
/pages/technology.html,pages/technology.qmd,Technology,published,606,,/pages/technology.html,2,,False
/pages/tools.html,pages/tools.qmd,Programs & Tools,published,245,,/pages/tools.html,15,,True
/repositories/repositories-2d-model.html,repositories/repositories-2d-model.qmd,2D Golf Model Repository,published,286,,/repositories/repositories-2d-model.html,2,,True
/repositories/repositories-3d-model.html,repositories/repositories-3d-model.qmd,3D Golf Model Repository,published,621,,/repositories/repositories-3d-model.html,4,,False
/repositories/repositories-drake.html,repositories/repositories-drake.qmd,Drake Golf Model Repository,published,309,,/repositories/repositories-drake.html,2,,False
/repositories/repositories-models.html,repositories/repositories-models.qmd,Model Repositories,published,305,,/repositories/repositories-models.html,9,,False
/repositories/repositories-pinocchio.html,repositories/repositories-pinocchio.qmd,Pinocchio Golf Model Repository,published,294,,/repositories/repositories-pinocchio.html,2,,True
/repositories/repositories.html,repositories/repositories.qmd,Repositories,published,599,,/repositories/repositories.html,1,,False
/resources/articles.html,resources/articles.qmd,Article Index,published,1683,,/resources/articles.html,5,,False
/resources/bibliography.html,resources/bibliography.qmd,Interactive Bibliography,published,84,,/resources/bibliography.html,19,,True
/resources/learning-path-biomechanics.html,resources/learning-path-biomechanics.qmd,Learning Path: Biomechanics & Motor Control,published,1875,,/resources/learning-path-biomechanics.html,10,,False
/resources/learning-path-control-theory.html,resources/learning-path-control-theory.qmd,Learning Path: Control Theory & Robotics,published,1723,,/resources/learning-path-control-theory.html,4,,False
/resources/learning-path-foundations.html,resources/learning-path-foundations.qmd,Learning Path: Foundations,published,1336,,/resources/learning-path-foundations.html,3,,False
/resources/learning-path-golf-science.html,resources/learning-path-golf-science.qmd,Learning Path: Golf Science,published,1525,,/resources/learning-path-golf-science.html,6,,False
/resources/learning-paths.html,resources/learning-paths.qmd,Learning Paths,published,901,,/resources/learning-paths.html,20,,False
/resources/on-ramp-paths.html,resources/on-ramp-paths.qmd,Short On-Ramp Paths,published,2560,,/resources/on-ramp-paths.html,1,,False
/resources/research-review-baseball-pitching.html,resources/research-review-baseball-pitching.qmd,Research Review: Baseball Pitching Biomechanics,planned-/-scaffolding-(expected:-2026-q4),225,,/resources/research-review-baseball-pitching.html,5,,True
/resources/research-review-induced-acceleration-analysis.html,resources/research-review-induced-acceleration-analysis.qmd,Research Review: Induced Acceleration Analysis,planned-/-scaffolding-(expected:-2026-q4),667,,/resources/research-review-induced-acceleration-analysis.html,5,,False
/resources/research-review-interaction-forces.html,resources/research-review-interaction-forces.qmd,Research Review: Interaction Forces in the Golf Swing,planned-/-scaffolding-(expected:-2026-q4),502,,/resources/research-review-interaction-forces.html,7,,False
/resources/research-review-shaft-flexibility.html,resources/research-review-shaft-flexibility.qmd,Research Review: Shaft Flexibility in Golf Swing Dynamics,planned-/-scaffolding-(expected:-2026-q4),295,,/resources/research-review-shaft-flexibility.html,4,,True
/resources/research-reviews.html,resources/research-reviews.qmd,Research Reviews,published,194,,/resources/research-reviews.html,14,,True
/resources/resources-books.html,resources/resources-books.qmd,Reference Books,published,2001,,/resources/resources-books.html,13,,False
/resources/resources-datasets.html,resources/resources-datasets.qmd,Datasets,published,1266,,/resources/resources-datasets.html,13,,False
/resources/resources-notebooklm.html,resources/resources-notebooklm.qmd,NotebookLM Notebooks,published,295,,/resources/resources-notebooklm.html,10,,True
/resources/resources-papers.html,resources/resources-papers.qmd,Papers,published,388,,/resources/resources-papers.html,15,,False
/resources/resources-researchers.html,resources/resources-researchers.qmd,Researchers,published,861,,/resources/resources-researchers.html,15,,False
/resources/resources-software.html,resources/resources-software.qmd,Software,published,788,,/resources/resources-software.html,13,,False
/resources/resources-videos.html,resources/resources-videos.qmd,Videos,published,763,,/resources/resources-videos.html,12,,False
/resources/resources-websites.html,resources/resources-websites.qmd,Websites,published,1291,,/resources/resources-websites.html,9,,False
/resources/resources.html,resources/resources.qmd,Resources & Links,published,314,,/resources/resources.html,20,,False
