family,mode,theme,shot,region,image,image_sha256,bounds_ltrb,rgb_sha256,bright_pixels
controlled_desktop,headed,light,viewport1,title,output/playwright/title-card/clean-control-v3-headed-1440-light-viewport-1.png,c861b90feb9977930af66b7ae6eadfa41ac8231712157742b9183b025f0444bb,470 156 848 292,dee6aeadeb8c6d70ffd8ecadcd711ce9d7a472a9f091bd9fef133754eb3fb1df,6971
controlled_desktop,headed,light,viewport1,description,output/playwright/title-card/clean-control-v3-headed-1440-light-viewport-1.png,c861b90feb9977930af66b7ae6eadfa41ac8231712157742b9183b025f0444bb,470 291 921 374,c21f51c078ea78757484dd075a909a126f8ff2f076336ea57c540bd6943bb2e8,2416
controlled_desktop,headed,light,viewport1,reading_time,output/playwright/title-card/clean-control-v3-headed-1440-light-viewport-1.png,c861b90feb9977930af66b7ae6eadfa41ac8231712157742b9183b025f0444bb,470 413 687 439,e0363c5bf663de6f2ceb3a5eb8489d6da7c3fd043a7aff41bbca6268eb30df5b,474
controlled_desktop,headed,light,viewport2,title,output/playwright/title-card/clean-control-v3-headed-1440-light-viewport-2.png,c861b90feb9977930af66b7ae6eadfa41ac8231712157742b9183b025f0444bb,470 156 848 292,dee6aeadeb8c6d70ffd8ecadcd711ce9d7a472a9f091bd9fef133754eb3fb1df,6971
controlled_desktop,headed,light,viewport2,description,output/playwright/title-card/clean-control-v3-headed-1440-light-viewport-2.png,c861b90feb9977930af66b7ae6eadfa41ac8231712157742b9183b025f0444bb,470 291 921 374,c21f51c078ea78757484dd075a909a126f8ff2f076336ea57c540bd6943bb2e8,2416
controlled_desktop,headed,light,viewport2,reading_time,output/playwright/title-card/clean-control-v3-headed-1440-light-viewport-2.png,c861b90feb9977930af66b7ae6eadfa41ac8231712157742b9183b025f0444bb,470 413 687 439,e0363c5bf663de6f2ceb3a5eb8489d6da7c3fd043a7aff41bbca6268eb30df5b,474
controlled_desktop,headed,dark,viewport1,title,output/playwright/title-card/clean-control-v3-headed-1440-dark-viewport-1.png,6f88d9194abaef4992eaf8b29d065623bc6258a9dadfd6f369c5a05381cae08c,470 156 848 292,dee6aeadeb8c6d70ffd8ecadcd711ce9d7a472a9f091bd9fef133754eb3fb1df,6971
controlled_desktop,headed,dark,viewport1,description,output/playwright/title-card/clean-control-v3-headed-1440-dark-viewport-1.png,6f88d9194abaef4992eaf8b29d065623bc6258a9dadfd6f369c5a05381cae08c,470 291 921 374,c21f51c078ea78757484dd075a909a126f8ff2f076336ea57c540bd6943bb2e8,2416
controlled_desktop,headed,dark,viewport1,reading_time,output/playwright/title-card/clean-control-v3-headed-1440-dark-viewport-1.png,6f88d9194abaef4992eaf8b29d065623bc6258a9dadfd6f369c5a05381cae08c,470 413 687 439,e0363c5bf663de6f2ceb3a5eb8489d6da7c3fd043a7aff41bbca6268eb30df5b,474
controlled_desktop,headed,dark,viewport2,title,output/playwright/title-card/clean-control-v3-headed-1440-dark-viewport-2.png,6f88d9194abaef4992eaf8b29d065623bc6258a9dadfd6f369c5a05381cae08c,470 156 848 292,dee6aeadeb8c6d70ffd8ecadcd711ce9d7a472a9f091bd9fef133754eb3fb1df,6971
controlled_desktop,headed,dark,viewport2,description,output/playwright/title-card/clean-control-v3-headed-1440-dark-viewport-2.png,6f88d9194abaef4992eaf8b29d065623bc6258a9dadfd6f369c5a05381cae08c,470 291 921 374,c21f51c078ea78757484dd075a909a126f8ff2f076336ea57c540bd6943bb2e8,2416
controlled_desktop,headed,dark,viewport2,reading_time,output/playwright/title-card/clean-control-v3-headed-1440-dark-viewport-2.png,6f88d9194abaef4992eaf8b29d065623bc6258a9dadfd6f369c5a05381cae08c,470 413 687 439,e0363c5bf663de6f2ceb3a5eb8489d6da7c3fd043a7aff41bbca6268eb30df5b,474
controlled_desktop,headless,light,viewport1,title,output/playwright/title-card/clean-control-v3-headless-1440-light-viewport-1.png,bc3f3e19da9571a01aefa33fc3a847ec7d844a8969d792c713331404cf9780e6,475 156 858 292,4dbb677af82f864adee66bff0225a04848da997f3c3ae4f6b2743e3c7759b51a,6971
controlled_desktop,headless,light,viewport1,description,output/playwright/title-card/clean-control-v3-headless-1440-light-viewport-1.png,bc3f3e19da9571a01aefa33fc3a847ec7d844a8969d792c713331404cf9780e6,475 291 931 374,86398538bfad5210f682d45e380d5c73a60b9df5ab92ce7f64ec5b4ba72a4f36,2420
controlled_desktop,headless,light,viewport1,reading_time,output/playwright/title-card/clean-control-v3-headless-1440-light-viewport-1.png,bc3f3e19da9571a01aefa33fc3a847ec7d844a8969d792c713331404cf9780e6,475 413 694 439,2a6d1f827039cc06795c0bd6b2d9b984a0982883edefd247bfea349f10e9f2f1,474
controlled_desktop,headless,light,viewport2,title,output/playwright/title-card/clean-control-v3-headless-1440-light-viewport-2.png,bc3f3e19da9571a01aefa33fc3a847ec7d844a8969d792c713331404cf9780e6,475 156 858 292,4dbb677af82f864adee66bff0225a04848da997f3c3ae4f6b2743e3c7759b51a,6971
controlled_desktop,headless,light,viewport2,description,output/playwright/title-card/clean-control-v3-headless-1440-light-viewport-2.png,bc3f3e19da9571a01aefa33fc3a847ec7d844a8969d792c713331404cf9780e6,475 291 931 374,86398538bfad5210f682d45e380d5c73a60b9df5ab92ce7f64ec5b4ba72a4f36,2420
controlled_desktop,headless,light,viewport2,reading_time,output/playwright/title-card/clean-control-v3-headless-1440-light-viewport-2.png,bc3f3e19da9571a01aefa33fc3a847ec7d844a8969d792c713331404cf9780e6,475 413 694 439,2a6d1f827039cc06795c0bd6b2d9b984a0982883edefd247bfea349f10e9f2f1,474
controlled_desktop,headless,dark,viewport1,title,output/playwright/title-card/clean-control-v3-headless-1440-dark-viewport-1.png,ee824eb4a59412a0fb1d0dadeebc9f952d259282b4fd6521b399557ddd650ca1,475 156 858 292,4dbb677af82f864adee66bff0225a04848da997f3c3ae4f6b2743e3c7759b51a,6971
controlled_desktop,headless,dark,viewport1,description,output/playwright/title-card/clean-control-v3-headless-1440-dark-viewport-1.png,ee824eb4a59412a0fb1d0dadeebc9f952d259282b4fd6521b399557ddd650ca1,475 291 931 374,86398538bfad5210f682d45e380d5c73a60b9df5ab92ce7f64ec5b4ba72a4f36,2420
controlled_desktop,headless,dark,viewport1,reading_time,output/playwright/title-card/clean-control-v3-headless-1440-dark-viewport-1.png,ee824eb4a59412a0fb1d0dadeebc9f952d259282b4fd6521b399557ddd650ca1,475 413 694 439,2a6d1f827039cc06795c0bd6b2d9b984a0982883edefd247bfea349f10e9f2f1,474
controlled_desktop,headless,dark,viewport2,title,output/playwright/title-card/clean-control-v3-headless-1440-dark-viewport-2.png,ee824eb4a59412a0fb1d0dadeebc9f952d259282b4fd6521b399557ddd650ca1,475 156 858 292,4dbb677af82f864adee66bff0225a04848da997f3c3ae4f6b2743e3c7759b51a,6971
controlled_desktop,headless,dark,viewport2,description,output/playwright/title-card/clean-control-v3-headless-1440-dark-viewport-2.png,ee824eb4a59412a0fb1d0dadeebc9f952d259282b4fd6521b399557ddd650ca1,475 291 931 374,86398538bfad5210f682d45e380d5c73a60b9df5ab92ce7f64ec5b4ba72a4f36,2420
controlled_desktop,headless,dark,viewport2,reading_time,output/playwright/title-card/clean-control-v3-headless-1440-dark-viewport-2.png,ee824eb4a59412a0fb1d0dadeebc9f952d259282b4fd6521b399557ddd650ca1,475 413 694 439,2a6d1f827039cc06795c0bd6b2d9b984a0982883edefd247bfea349f10e9f2f1,474
partial_build_desktop,headed,light,0,title,output/playwright/title-card/baseline-headed-1440-unset-viewport-before.png,108c309951006eb3d7f2f2b2742ce6c7d0ea6dd4e4417261842c311e43120aac,470 129 848 265,dee6aeadeb8c6d70ffd8ecadcd711ce9d7a472a9f091bd9fef133754eb3fb1df,6971
partial_build_desktop,headed,light,0,description,output/playwright/title-card/baseline-headed-1440-unset-viewport-before.png,108c309951006eb3d7f2f2b2742ce6c7d0ea6dd4e4417261842c311e43120aac,470 264 921 347,c21f51c078ea78757484dd075a909a126f8ff2f076336ea57c540bd6943bb2e8,2416
partial_build_desktop,headed,light,0,reading_time,output/playwright/title-card/baseline-headed-1440-unset-viewport-before.png,108c309951006eb3d7f2f2b2742ce6c7d0ea6dd4e4417261842c311e43120aac,470 386 687 412,e0363c5bf663de6f2ceb3a5eb8489d6da7c3fd043a7aff41bbca6268eb30df5b,474
partial_build_desktop,headed,light,3,title,output/playwright/title-card/baseline-headed-1440-unset-viewport-after.png,1fd2a2acf41008d54b6a43503ee80e50ae4169bd2bd61b821e4ecaf0d2734993,470 129 848 265,dee6aeadeb8c6d70ffd8ecadcd711ce9d7a472a9f091bd9fef133754eb3fb1df,6971
partial_build_desktop,headed,light,3,description,output/playwright/title-card/baseline-headed-1440-unset-viewport-after.png,1fd2a2acf41008d54b6a43503ee80e50ae4169bd2bd61b821e4ecaf0d2734993,470 264 921 347,c21f51c078ea78757484dd075a909a126f8ff2f076336ea57c540bd6943bb2e8,2416
partial_build_desktop,headed,light,3,reading_time,output/playwright/title-card/baseline-headed-1440-unset-viewport-after.png,1fd2a2acf41008d54b6a43503ee80e50ae4169bd2bd61b821e4ecaf0d2734993,470 386 687 412,e0363c5bf663de6f2ceb3a5eb8489d6da7c3fd043a7aff41bbca6268eb30df5b,474
partial_build_desktop,headed,dark,0,title,output/playwright/title-card/baseline-headed-1440-dark-viewport-before.png,1387e75992c09a1c57712da61908f78bb34e81f9fc65bde83193f1e045de92f5,470 129 848 265,dee6aeadeb8c6d70ffd8ecadcd711ce9d7a472a9f091bd9fef133754eb3fb1df,6971
partial_build_desktop,headed,dark,0,description,output/playwright/title-card/baseline-headed-1440-dark-viewport-before.png,1387e75992c09a1c57712da61908f78bb34e81f9fc65bde83193f1e045de92f5,470 264 921 347,c21f51c078ea78757484dd075a909a126f8ff2f076336ea57c540bd6943bb2e8,2416
partial_build_desktop,headed,dark,0,reading_time,output/playwright/title-card/baseline-headed-1440-dark-viewport-before.png,1387e75992c09a1c57712da61908f78bb34e81f9fc65bde83193f1e045de92f5,470 386 687 412,e0363c5bf663de6f2ceb3a5eb8489d6da7c3fd043a7aff41bbca6268eb30df5b,474
partial_build_desktop,headed,dark,3,title,output/playwright/title-card/baseline-headed-1440-dark-viewport-after.png,ddacd7ddc03c0cd6ca3854710778b7527c2ce190eb29c0278b9b304d0fa68be8,470 129 848 265,dee6aeadeb8c6d70ffd8ecadcd711ce9d7a472a9f091bd9fef133754eb3fb1df,6971
partial_build_desktop,headed,dark,3,description,output/playwright/title-card/baseline-headed-1440-dark-viewport-after.png,ddacd7ddc03c0cd6ca3854710778b7527c2ce190eb29c0278b9b304d0fa68be8,470 264 921 347,c21f51c078ea78757484dd075a909a126f8ff2f076336ea57c540bd6943bb2e8,2416
partial_build_desktop,headed,dark,3,reading_time,output/playwright/title-card/baseline-headed-1440-dark-viewport-after.png,ddacd7ddc03c0cd6ca3854710778b7527c2ce190eb29c0278b9b304d0fa68be8,470 386 687 412,e0363c5bf663de6f2ceb3a5eb8489d6da7c3fd043a7aff41bbca6268eb30df5b,474
ordinary_reader_toggle,headed,light,viewport,title,output/playwright/title-card/reader-desktop-light-viewport.png,217d5b8db0be62a75756b78b29307f561f0a90c4a7ff91e583ce74d2d32cc2cd,470 156 848 292,dee6aeadeb8c6d70ffd8ecadcd711ce9d7a472a9f091bd9fef133754eb3fb1df,6971
ordinary_reader_toggle,headed,light,viewport,description,output/playwright/title-card/reader-desktop-light-viewport.png,217d5b8db0be62a75756b78b29307f561f0a90c4a7ff91e583ce74d2d32cc2cd,470 291 921 374,c21f51c078ea78757484dd075a909a126f8ff2f076336ea57c540bd6943bb2e8,2416
ordinary_reader_toggle,headed,light,viewport,reading_time,output/playwright/title-card/reader-desktop-light-viewport.png,217d5b8db0be62a75756b78b29307f561f0a90c4a7ff91e583ce74d2d32cc2cd,470 413 687 439,e0363c5bf663de6f2ceb3a5eb8489d6da7c3fd043a7aff41bbca6268eb30df5b,474
ordinary_reader_toggle,headed,dark,viewport,title,output/playwright/title-card/reader-desktop-dark-viewport.png,11d5f476d45aed5cb249295e9ec2e8469289c269536d9a74d9542ad4a8a7bf14,470 156 848 292,dee6aeadeb8c6d70ffd8ecadcd711ce9d7a472a9f091bd9fef133754eb3fb1df,6971
ordinary_reader_toggle,headed,dark,viewport,description,output/playwright/title-card/reader-desktop-dark-viewport.png,11d5f476d45aed5cb249295e9ec2e8469289c269536d9a74d9542ad4a8a7bf14,470 291 921 374,c21f51c078ea78757484dd075a909a126f8ff2f076336ea57c540bd6943bb2e8,2416
ordinary_reader_toggle,headed,dark,viewport,reading_time,output/playwright/title-card/reader-desktop-dark-viewport.png,11d5f476d45aed5cb249295e9ec2e8469289c269536d9a74d9542ad4a8a7bf14,470 413 687 439,e0363c5bf663de6f2ceb3a5eb8489d6da7c3fd043a7aff41bbca6268eb30df5b,474
original_card_pairs,headless,light,card,title,reports/technical-review/title-card-evidence/volume2-header-card-1440-light.png,1106e3032858f12272fb429e3cfb258c432ab4b42a61f8d94126f98fdff2c431,37 74 430 200,2e42af6e46d83c8ce469521314932188fb559ea5039cdcceb9a2451937348371,6983
original_card_pairs,headless,light,card,description,reports/technical-review/title-card-evidence/volume2-header-card-1440-light.png,1106e3032858f12272fb429e3cfb258c432ab4b42a61f8d94126f98fdff2c431,37 205 491 282,1f1368e21145c698131237b88fda46754082825e1bb0104e909d1707aba69d1c,1714
original_card_pairs,headless,light,card,reading_time,reports/technical-review/title-card-evidence/volume2-header-card-1440-light.png,1106e3032858f12272fb429e3cfb258c432ab4b42a61f8d94126f98fdff2c431,37 325 265 346,ac0816087e43b7ddcafd2bb675893aef52a042c211feabaacdf646e45d3abc48,479
original_card_pairs,headless,dark,card,title,reports/technical-review/title-card-evidence/volume2-header-card-1440-dark.png,aa6cbcf333b3a5ef42e55497169f9722fc1fc1f0549b619e24b229a1d1211705,37 74 430 200,81f2bf4e3080f8a276f65dda2b3e49359037d747b4a73b64b4d963d73ecc5820,6983
original_card_pairs,headless,dark,card,description,reports/technical-review/title-card-evidence/volume2-header-card-1440-dark.png,aa6cbcf333b3a5ef42e55497169f9722fc1fc1f0549b619e24b229a1d1211705,37 205 491 282,1f1368e21145c698131237b88fda46754082825e1bb0104e909d1707aba69d1c,1714
original_card_pairs,headless,dark,card,reading_time,reports/technical-review/title-card-evidence/volume2-header-card-1440-dark.png,aa6cbcf333b3a5ef42e55497169f9722fc1fc1f0549b619e24b229a1d1211705,37 325 265 346,ac0816087e43b7ddcafd2bb675893aef52a042c211feabaacdf646e45d3abc48,479
original_card_pairs,headless,light,card,title,reports/technical-review/title-card-evidence/volume2-baseline-header-card-1440-light.png,05db075d2efff20b33cfa757d682c19d0fbd7db5f2943ead632507a791e43fdb,37 74 430 200,2e42af6e46d83c8ce469521314932188fb559ea5039cdcceb9a2451937348371,6983
original_card_pairs,headless,light,card,description,reports/technical-review/title-card-evidence/volume2-baseline-header-card-1440-light.png,05db075d2efff20b33cfa757d682c19d0fbd7db5f2943ead632507a791e43fdb,37 205 491 282,6ad39abc0040173032d76a5f2052f0e1a42cba605058ba3d5cb072aced7bdeb7,2100
original_card_pairs,headless,light,card,reading_time,reports/technical-review/title-card-evidence/volume2-baseline-header-card-1440-light.png,05db075d2efff20b33cfa757d682c19d0fbd7db5f2943ead632507a791e43fdb,37 325 265 346,ac0816087e43b7ddcafd2bb675893aef52a042c211feabaacdf646e45d3abc48,479
original_card_pairs,headless,dark,card,title,reports/technical-review/title-card-evidence/volume2-baseline-header-card-1440-dark.png,f2ae4531182e170d0e4a79d4eacaf645d67c713b10d2332c9315bd0d6c77fe7a,37 74 430 200,81f2bf4e3080f8a276f65dda2b3e49359037d747b4a73b64b4d963d73ecc5820,6983
original_card_pairs,headless,dark,card,description,reports/technical-review/title-card-evidence/volume2-baseline-header-card-1440-dark.png,f2ae4531182e170d0e4a79d4eacaf645d67c713b10d2332c9315bd0d6c77fe7a,37 205 491 282,6ad39abc0040173032d76a5f2052f0e1a42cba605058ba3d5cb072aced7bdeb7,2100
original_card_pairs,headless,dark,card,reading_time,reports/technical-review/title-card-evidence/volume2-baseline-header-card-1440-dark.png,f2ae4531182e170d0e4a79d4eacaf645d67c713b10d2332c9315bd0d6c77fe7a,37 325 265 346,ac0816087e43b7ddcafd2bb675893aef52a042c211feabaacdf646e45d3abc48,479
